WORD,VALIDITY,TYPE,BLOCK,,
today,word,english,A,,
seems,word,english,A,,
means,word,english,A,,
lower,word,english,A,,
store,word,english,A,,
excellent,word,english,A,,
likely,word,english,A,,
together,word,english,A,,
order,word,english,A,,
while,word,english,A,,
study,word,english,A,,
happen,word,english,A,,
difficult,word,english,A,,
required,word,english,A,,
should,word,english,A,,
allowed,word,english,A,,
having,word,english,A,,
various,word,english,A,,
agree,word,english,A,,
service,word,english,A,,
table,word,english,A,,
cannot,word,english,A,,
better,word,english,A,,
appears,word,english,A,,
members,word,english,A,,
respond,word,english,A,,
client,word,english,A,,
sometimes,word,english,A,,
quite,word,english,A,,
artifact,word,english,A,,
analysis,word,english,A,,
working,word,english,A,,
makes,word,english,A,,
trouble,word,english,A,,
doubt,word,english,A,,
leave,word,english,A,,
shows,word,english,A,,
political,word,english,A,,
support,word,english,A,,
early,word,english,A,,
frint,non_word,english,A,,
cantract,non_word,english,A,,
maneger,non_word,english,A,,
contrel,non_word,english,A,,
cowntry,non_word,english,A,,
presune,non_word,english,A,,
laern,non_word,english,A,,
wice,non_word,english,A,,
plaing,non_word,english,A,,
istelf,non_word,english,A,,
tuday,non_word,english,A,,
creat,non_word,english,A,,
chlone,non_word,english,A,,
thiking,non_word,english,A,,
studnet,non_word,english,A,,
cald,non_word,english,A,,
articels,non_word,english,A,,
slory,non_word,english,A,,
argee,non_word,english,A,,
reweise,non_word,english,A,,
parrut,non_word,english,A,,
sland,non_word,english,A,,
prorame,non_word,english,A,,
allawed,non_word,english,A,,
nohice,non_word,english,A,,
minusts,non_word,english,A,,
pover,non_word,english,A,,
feredal,non_word,english,A,,
anydoby,non_word,english,A,,
writen,non_word,english,A,,
weater,non_word,english,A,,
atempt,non_word,english,A,,
quikly,non_word,english,A,,
teath,non_word,english,A,,
annyway,non_word,english,A,,
fount,non_word,english,A,,
resources,non_word,english,A,,
chlidren,non_word,english,A,,
ordar,non_word,english,A,,
requierd,non_word,english,A,,
कलह ,word,plain,B,,
आकलन ,word,plain,B,,
दमकल ,word,plain,B,,
इसपर ,word,plain,B,,
उतर ,word,plain,B,,
उतरकर ,word,plain,B,,
अहम ,word,plain,B,,
वजन ,word,plain,B,,
नकल ,word,plain,B,,
झड़प ,word,plain,B,,
सघन ,word,plain,B,,
सबक ,word,plain,B,,
आमरण ,word,plain,B,,
जहर ,word,plain,B,,
बनकर ,word,plain,B,,
नगर ,word,plain,B,,
नमन ,word,plain,B,,
बदतर ,word,plain,B,,
उपज ,word,plain,B,,
उठकर ,word,plain,B,,
शपथ ,word,plain,B,,
हवन ,word,plain,B,,
भरकर ,word,plain,B,,
अपहरण ,word,plain,B,,
चयन ,word,plain,B,,
गहन ,word,plain,B,,
जमकर ,word,plain,B,,
जगत ,word,plain,B,,
बगल ,word,plain,B,,
तरस ,word,plain,B,,
भगत ,word,plain,B,,
अफसर ,word,plain,B,,
उलझ ,word,plain,B,,
श्रम ,word,plain,B,,
आदत ,word,plain,B,,
कमर ,word,plain,B,,
अवसर ,word,plain,B,,
दलदल ,word,plain,B,,
कलम ,word,plain,B,,
चरण ,word,plain,B,,
अखवर,non_word,plain,B,,
अटवर,non_word,plain,B,,
अनशनर,non_word,plain,B,,
अपगत,non_word,plain,B,,
अपव,non_word,plain,B,,
अमरल,non_word,plain,B,,
अवगतन,non_word,plain,B,,
अशल,non_word,plain,B,,
आघमन,non_word,plain,B,,
आडर,non_word,plain,B,,
आदस,non_word,plain,B,,
आपसव,non_word,plain,B,,
आरकण,non_word,plain,B,,
आरक्ष,non_word,plain,B,,
इधम,non_word,plain,B,,
उगर,non_word,plain,B,,
उठखर,non_word,plain,B,,
उठर,non_word,plain,B,,
उतरक,non_word,plain,B,,
उथर,non_word,plain,B,,
उनड़,non_word,plain,B,,
उपक,non_word,plain,B,,
उपच,non_word,plain,B,,
उपहल,non_word,plain,B,,
उमठ,non_word,plain,B,,
उमश,non_word,plain,B,,
एकबर,non_word,plain,B,,
कड़म,non_word,plain,B,,
कदरल,non_word,plain,B,,
कमम,non_word,plain,B,,
कसण,non_word,plain,B,,
कसरन,non_word,plain,B,,
खबरल,non_word,plain,B,,
खबल,non_word,plain,B,,
गगनल,non_word,plain,B,,
गहण,non_word,plain,B,,
घटन,non_word,plain,B,,
घलक,non_word,plain,B,,
चमकल,non_word,plain,B,,
चमर,non_word,plain,B,,
बारह ,word,matra,C,,
सलाहकार ,word,matra,C,,
प्रदान ,word,matra,C,,
प्रतिदिन ,word,matra,C,,
माफिया ,word,matra,C,,
नागरिक ,word,matra,C,,
तैयार ,word,matra,C,,
चादर ,word,matra,C,,
समर्थक ,word,matra,C,,
गुलशन ,word,matra,C,,
नसीहत ,word,matra,C,,
तालाब ,word,matra,C,,
पार्वती ,word,matra,C,,
अथवा ,word,matra,C,,
अतिक्रमण ,word,matra,C,,
अनंत ,word,matra,C,,
झोपड़ी ,word,matra,C,,
तलाश ,word,matra,C,,
पाठक ,word,matra,C,,
जनजाति ,word,matra,C,,
जगतार ,word,matra,C,,
हालात ,word,matra,C,,
दौरान ,word,matra,C,,
गरीबी ,word,matra,C,,
विरोध ,word,matra,C,,
समुदाय ,word,matra,C,,
मौजूद ,word,matra,C,,
नायक ,word,matra,C,,
भाईचारा ,word,matra,C,,
मासिक ,word,matra,C,,
वार्षिक ,word,matra,C,,
कार्यालय ,word,matra,C,,
गौरतलब ,word,matra,C,,
पसंद ,word,matra,C,,
मिसाल ,word,matra,C,,
अदालत ,word,matra,C,,
सार्थक ,word,matra,C,,
सुरक्षित ,word,matra,C,,
बादल ,word,matra,C,,
रुपए ,word,matra,C,,
अंदेरे,non_word,matra,C,,
अतिकरमण,non_word,matra,C,,
अदलात,non_word,matra,C,,
अनेख,non_word,matra,C,,
अमिल,non_word,matra,C,,
अवाव,non_word,matra,C,,
अवैल,non_word,matra,C,,
आंकेडा,non_word,matra,C,,
आतकवाद,non_word,matra,C,,
आदमि,non_word,matra,C,,
आदमे,non_word,matra,C,,
आपणी,non_word,matra,C,,
आरकल,non_word,matra,C,,
आर्थीक,non_word,matra,C,,
आवार,non_word,matra,C,,
इंसाण,non_word,matra,C,,
उपमंदल,non_word,matra,C,,
ऊंछाई,non_word,matra,C,,
एकजुत,non_word,matra,C,,
करोण,non_word,matra,C,,
कारिल्य,non_word,matra,C,,
कुपूर,non_word,matra,C,,
खबकी,non_word,matra,C,,
खलाफ,non_word,matra,C,,
खुलेआंम,non_word,matra,C,,
खोकरा,non_word,matra,C,,
गरबी,non_word,matra,C,,
गरीबि,non_word,matra,C,,
गायेक,non_word,matra,C,,
गायोक,non_word,matra,C,,
गालती,non_word,matra,C,,
गुलशान,non_word,matra,C,,
चदार,non_word,matra,C,,
चहला,non_word,matra,C,,
चांचल,non_word,matra,C,,
चातर,non_word,matra,C,,
जीबन,non_word,matra,C,,
डोबारा,non_word,matra,C,,
तलास,non_word,matra,C,,
तालब,non_word,matra,C,,
अव्वल ,word,half,D,,
रक्त ,word,half,D,,
जलस्तर ,word,half,D,,
ध्वस्त ,word,half,D,,
अवश्य ,word,half,D,,
व्यस्त ,word,half,D,,
उपलक्ष्य ,word,half,D,,
स्वस्थ ,word,half,D,,
मशक्कत ,word,half,D,,
नष्ट ,word,half,D,,
समस्त ,word,half,D,,
लक्ष्मण ,word,half,D,,
समन्वयक ,word,half,D,,
अक्सर ,word,half,D,,
उत्पन्न ,word,half,D,,
पत्थर ,word,half,D,,
स्व ,word,half,D,,
दफ्तर ,word,half,D,,
स्वच्छ ,word,half,D,,
महत्व ,word,half,D,,
स्पष्ट ,word,half,D,,
सख्त ,word,half,D,,
जब्त ,word,half,D,,
जन्म ,word,half,D,,
वक्त ,word,half,D,,
मरम्मत ,word,half,D,,
खत्म ,word,half,D,,
आवश्यक ,word,half,D,,
अगस्त ,word,half,D,,
व्यक्त ,word,half,D,,
टक्कर ,word,half,D,,
उच्च ,word,half,D,,
स्थल ,word,half,D,,
उपलब्ध ,word,half,D,,
स्तर ,word,half,D,,
जल्द ,word,half,D,,
उक्त ,word,half,D,,
सदस्य ,word,half,D,,
अध्यक्ष ,word,half,D,,
अन्य ,word,half,D,,
अक्क्षण,non_word,half,D,,
अक्शर,non_word,half,D,,
अक्‍सार,non_word,half,D,,
अच्ल,non_word,half,D,,
अध्यक्षर,non_word,half,D,,
अन्कय,non_word,half,D,,
अन्क्षण,non_word,half,D,,
अन्टय,non_word,half,D,,
अन्द,non_word,half,D,,
अरम्भ,non_word,half,D,,
अल्क्षण,non_word,half,D,,
अल्य,non_word,half,D,,
अस्षर,non_word,half,D,,
आत्मल,non_word,half,D,,
आवश्क,non_word,half,D,,
आश्कल,non_word,half,D,,
आश्व्स,non_word,half,D,,
इश्क्क,non_word,half,D,,
उच्छ,non_word,half,D,,
उज्झवल,non_word,half,D,,
उत्थर,non_word,half,D,,
उत्‍पन,non_word,half,D,,
उपलक्श,non_word,half,D,,
उपलब्द,non_word,half,D,,
एकल्व,non_word,half,D,,
कक्कद,non_word,half,D,,
कच्छर,non_word,half,D,,
कण्ड,non_word,half,D,,
कब्म,non_word,half,D,,
कश्ट,non_word,half,D,,
कश्त,non_word,half,D,,
क्मल,non_word,half,D,,
क्यल,non_word,half,D,,
क्लल,non_word,half,D,,
खच्छर,non_word,half,D,,
खट्टन,non_word,half,D,,
ख्पर,non_word,half,D,,
चन्‍ध,non_word,half,D,,
च्वल,non_word,half,D,,
जण्म,non_word,half,D,,
जागृति ,word,matra,E,,
हृदय ,word,matra,E,,
प्रदेश ,word,matra,E,,
परिजन ,word,matra,E,,
मानदेय ,word,matra,E,,
देवर ,word,matra,E,,
चाहिए ,word,matra,E,,
शीतल ,word,matra,E,,
आतंकवाद ,word,matra,E,,
अंधेरे ,word,matra,E,,
बातचीत ,word,matra,E,,
दैनिक ,word,matra,E,,
मंजूर ,word,matra,E,,
कंबल ,word,matra,E,,
शरीर ,word,matra,E,,
सवार ,word,matra,E,,
शिकार ,word,matra,E,,
शासन ,word,matra,E,,
बाहर ,word,matra,E,,
सबके ,word,matra,E,,
वाहन ,word,matra,E,,
प्रतिवर्ष ,word,matra,E,,
खुलेआम ,word,matra,E,,
नाराजगी ,word,matra,E,,
हवाई ,word,matra,E,,
मुहैया ,word,matra,E,,
नगरी ,word,matra,E,,
लिखित ,word,matra,E,,
राहत ,word,matra,E,,
निबंध ,word,matra,E,,
कैलाश ,word,matra,E,,
चालक ,word,matra,E,,
हमने ,word,matra,E,,
आंकड़ा ,word,matra,E,,
निकेतन ,word,matra,E,,
प्रमाण ,word,matra,E,,
उपमंडल ,word,matra,E,,
तुलसी ,word,matra,E,,
महानगर ,word,matra,E,,
एकजुट ,word,matra,E,,
कहर ,word,plain,E,,
वचन ,word,plain,E,,
शरण ,word,plain,E,,
मतलब ,word,plain,E,,
भगदड़ ,word,plain,E,,
महज ,word,plain,E,,
कलश ,word,plain,E,,
लटक ,word,plain,E,,
अबतक ,word,plain,E,,
नकद ,word,plain,E,,
परचम ,word,plain,E,,
अलग ,word,plain,E,,
लथपथ ,word,plain,E,,
अभय ,word,plain,E,,
नगद ,word,plain,E,,
गठन ,word,plain,E,,
नजर ,word,plain,E,,
अमर ,word,plain,E,,
एकल ,word,plain,E,,
मटर ,word,plain,E,,
पहन ,word,plain,E,,
कमल ,word,plain,E,,
उदय ,word,plain,E,,
कदर ,word,plain,E,,
मदद ,word,plain,E,,
असफल ,word,plain,E,,
हरकत ,word,plain,E,,
पहल ,word,plain,E,,
दरअसल ,word,plain,E,,
उमस ,word,plain,E,,
बचत ,word,plain,E,,
आरक्षण ,word,plain,E,,
वतन ,word,plain,E,,
बजकर ,word,plain,E,,
आदर ,word,plain,E,,
तरह ,word,plain,E,,
फसल ,word,plain,E,,
महल ,word,plain,E,,
भड़क ,word,plain,E,,
सदन ,word,plain,E,,
चन्द ,word,half,E,,
कक्कड़ ,word,half,E,,
सत्तर ,word,half,E,,
वत्स ,word,half,E,,
अन्न ,word,half,E,,
जख्म ,word,half,E,,
स्मरण ,word,half,E,,
शक्ल ,word,half,E,,
उन्नत ,word,half,E,,
कष्ट ,word,half,E,,
रहस्यमय ,word,half,E,,
तख्त ,word,half,E,,
मक्खन ,word,half,E,,
आनन्द ,word,half,E,,
दस्त ,word,half,E,,
उच्चतर ,word,half,E,,
मध्यम ,word,half,E,,
अस्त ,word,half,E,,
उज्जवल ,word,half,E,,
ध्वज ,word,half,E,,
कत्ल ,word,half,E,,
रत्न ,word,half,E,,
छप्पर ,word,half,E,,
शख्स ,word,half,E,,
स्वर ,word,half,E,,
तथ्य ,word,half,E,,
तत्पर ,word,half,E,,
खण्ड ,word,half,E,,
मच्छर ,word,half,E,,
सशस्त्र ,word,half,E,,
रस्म ,word,half,E,,
रद्द ,word,half,E,,
वस्त्र ,word,half,E,,
सशक्त ,word,half,E,,
दस्तक ,word,half,E,,
तत्व ,word,half,E,,
जबरदस्त ,word,half,E,,
जश्न ,word,half,E,,
सम्भल ,word,half,E,,
अध्ययन ,word,half,E,,
महागर,non_word,matra,E,,
महीज,non_word,matra,E,,
मानदया,non_word,matra,E,,
माशिक,non_word,matra,E,,
माहिना,non_word,matra,E,,
मिटन,non_word,matra,E,,
मौझद,non_word,matra,E,,
मौदूद,non_word,matra,E,,
रणनीथी,non_word,matra,E,,
लचीक,non_word,matra,E,,
लिखट,non_word,matra,E,,
लिखीत,non_word,matra,E,,
लेकन,non_word,matra,E,,
वसुन,non_word,matra,E,,
वारषिक,non_word,matra,E,,
विकक्ष,non_word,matra,E,,
विचाह,non_word,matra,E,,
विवदित,non_word,matra,E,,
विवादेत,non_word,matra,E,,
शकीर,non_word,matra,E,,
शरही,non_word,matra,E,,
शरारी,non_word,matra,E,,
शहीर,non_word,matra,E,,
शासान,non_word,matra,E,,
शिकर,non_word,matra,E,,
शिवार,non_word,matra,E,,
शीटल,non_word,matra,E,,
सबूल,non_word,matra,E,,
समदाय,non_word,matra,E,,
समर्धक,non_word,matra,E,,
समूर,non_word,matra,E,,
सरीव,non_word,matra,E,,
सलहकार,non_word,matra,E,,
सहायटा,non_word,matra,E,,
साजाश,non_word,matra,E,,
साड़िश,non_word,matra,E,,
सैजिश,non_word,matra,E,,
हरकरी,non_word,matra,E,,
हवायि,non_word,matra,E,,
हिरास,non_word,matra,E,,
भरकन,non_word,plain,E,,
मकलब,non_word,plain,E,,
मकसल,non_word,plain,E,,
मतलम,non_word,plain,E,,
मरलब,non_word,plain,E,,
महकल,non_word,plain,E,,
रक्षन,non_word,plain,E,,
रहक,non_word,plain,E,,
रहनर,non_word,plain,E,,
रहल,non_word,plain,E,,
लक्षल,non_word,plain,E,,
लगबग,non_word,plain,E,,
लटकल,non_word,plain,E,,
लठपठ,non_word,plain,E,,
लथपद,non_word,plain,E,,
लदपत,non_word,plain,E,,
वजनल,non_word,plain,E,,
सगहन,non_word,plain,E,,
सघल,non_word,plain,E,,
सजक,non_word,plain,E,,
सजद,non_word,plain,E,,
सजर,non_word,plain,E,,
सडन,non_word,plain,E,,
सतयक,non_word,plain,E,,
सदरह,non_word,plain,E,,
सफरल,non_word,plain,E,,
सफलन,non_word,plain,E,,
समझल,non_word,plain,E,,
सरख,non_word,plain,E,,
सरमत,non_word,plain,E,,
सरलन,non_word,plain,E,,
सरहर,non_word,plain,E,,
सहट,non_word,plain,E,,
सहनत,non_word,plain,E,,
हटकन,non_word,plain,E,,
हड़कर,non_word,plain,E,,
हरकट,non_word,plain,E,,
हरकतन,non_word,plain,E,,
हरकल,non_word,plain,E,,
हवण,non_word,plain,E,,
मक्कन,non_word,half,E,,
मख्‍खन,non_word,half,E,,
मच्चर,non_word,half,E,,
मन्डल,non_word,half,E,,
मश्कत,non_word,half,E,,
मस्कत,non_word,half,E,,
रक्‍ठ,non_word,half,E,,
रक्ष्क,non_word,half,E,,
रत्क,non_word,half,E,,
रहस्यम,non_word,half,E,,
रहस्स्य,non_word,half,E,,
लक्टण,non_word,half,E,,
लक्श्य,non_word,half,E,,
लक्ष्ण,non_word,half,E,,
लक्ष्म,non_word,half,E,,
व्यक्तन,non_word,half,E,,
व्‍यस्‍ठ,non_word,half,E,,
शब्ध,non_word,half,E,,
श्क्कर,non_word,half,E,,
श्क्स,non_word,half,E,,
सज्जण,non_word,half,E,,
सभ्यन,non_word,half,E,,
समस्‍ठ,non_word,half,E,,
समस्थक,non_word,half,E,,
समस्स,non_word,half,E,,
सम्भक,non_word,half,E,,
सम्भर,non_word,half,E,,
सम्भलर,non_word,half,E,,
सशक्तन,non_word,half,E,,
स्‍टन,non_word,half,E,,
स्तार,non_word,half,E,,
स्थन,non_word,half,E,,
स्पट,non_word,half,E,,
स्पस्ट,non_word,half,E,,
स्मरन,non_word,half,E,,
स्वच्च,non_word,half,E,,
स्वत,non_word,half,E,,
स्वस्ठ,non_word,half,E,,
स्वस्त,non_word,half,E,,
स्वार,non_word,half,E,,
वजह ,word,plain,F,,
अनशन ,word,plain,F,,
आगमन ,word,plain,F,,
जबरन ,word,plain,F,,
तलब ,word,plain,F,,
रहकर ,word,plain,F,,
दहन ,word,plain,F,,
कसर ,word,plain,F,,
रक्षक ,word,plain,F,,
हलचल ,word,plain,F,,
दहशत ,word,plain,F,,
महक ,word,plain,F,,
अवगत ,word,plain,F,,
उसपर ,word,plain,F,,
पठन ,word,plain,F,,
नयन ,word,plain,F,,
सहमत ,word,plain,F,,
आजकल ,word,plain,F,,
दशक ,word,plain,F,,
सहज ,word,plain,F,,
एकत्र ,word,plain,F,,
सहन ,word,plain,F,,
पदक ,word,plain,F,,
गरम ,word,plain,F,,
बदलकर ,word,plain,F,,
उपकरण ,word,plain,F,,
आचरण ,word,plain,F,,
पकड़ ,word,plain,F,,
लहर ,word,plain,F,,
असर ,word,plain,F,,
खपत ,word,plain,F,,
आपस ,word,plain,F,,
अटल ,word,plain,F,,
नहर ,word,plain,F,,
अगर ,word,plain,F,,
आयकर ,word,plain,F,,
समक्ष ,word,plain,F,,
सरल ,word,plain,F,,
परम ,word,plain,F,,
बहस ,word,plain,F,,
चेयन,non_word,plain,F,,
जगद,non_word,plain,F,,
झलकन,non_word,plain,F,,
तलक,non_word,plain,F,,
तलबल,non_word,plain,F,,
दमकलन,non_word,plain,F,,
दमल,non_word,plain,F,,
दरशल,non_word,plain,F,,
दलदन,non_word,plain,F,,
दहकत,non_word,plain,F,,
दहभत,non_word,plain,F,,
नकड,non_word,plain,F,,
नकदत,non_word,plain,F,,
नगड़,non_word,plain,F,,
नफदत,non_word,plain,F,,
नमकल,non_word,plain,F,,
नमल,non_word,plain,F,,
नयनत,non_word,plain,F,,
नवन,non_word,plain,F,,
नहन,non_word,plain,F,,
पडक,non_word,plain,F,,
पदकम,non_word,plain,F,,
पनक,non_word,plain,F,,
परमव,non_word,plain,F,,
पलकल,non_word,plain,F,,
पलन,non_word,plain,F,,
पलम,non_word,plain,F,,
पहक,non_word,plain,F,,
पहत,non_word,plain,F,,
बचतल,non_word,plain,F,,
बचपल,non_word,plain,F,,
बजल,non_word,plain,F,,
बदडर,non_word,plain,F,,
बनक,non_word,plain,F,,
बहपर,non_word,plain,F,,
भगतम,non_word,plain,F,,
भगदन,non_word,plain,F,,
भजल,non_word,plain,F,,
भड़कन,non_word,plain,F,,
भरक,non_word,plain,F,,
month,word,english,F,,
questions,word,english,F,,
myself,word,english,F,,
written,word,english,F,,
water,word,english,F,,
playing,word,english,F,,
power,word,english,F,,
earth,word,english,F,,
front,word,english,F,,
clone,word,english,F,,
bring,word,english,F,,
black,word,english,F,,
response,word,english,F,,
death,word,english,F,,
press,word,english,F,,
young,word,english,F,,
account,word,english,F,,
locus,word,english,F,,
rather,word,english,F,,
heard,word,english,F,,
started,word,english,F,,
posts,word,english,F,,
solution,word,english,F,,
speak,word,english,F,,
sequence,word,english,F,,
write,word,english,F,,
example,word,english,F,,
house,word,english,F,,
below,word,english,F,,
street,word,english,F,,
above,word,english,F,,
physical,word,english,F,,
thinking,word,english,F,,
evidence,word,english,F,,
cases,word,english,F,,
company,word,english,F,,
perfect,word,english,F,,
building,word,english,F,,
material,word,english,F,,
lists,word,english,F,,
othervise,non_word,english,F,,
reatily,non_word,english,F,,
exatly,non_word,english,F,,
histury,non_word,english,F,,
cecond,non_word,english,F,,
idaes,non_word,english,F,,
monthh,non_word,english,F,,
sereval,non_word,english,F,,
writen,non_word,english,F,,
vords,non_word,english,F,,
litsts,non_word,english,F,,
solulion,non_word,english,F,,
forse,non_word,english,F,,
takingg,non_word,english,F,,
colal,non_word,english,F,,
chrair,non_word,english,F,,
amage,non_word,english,F,,
ecudation,non_word,english,F,,
stret,non_word,english,F,,
setwene,non_word,english,F,,
hapen,non_word,english,F,,
includse,non_word,english,F,,
brak,non_word,english,F,,
nunbers,non_word,english,F,,
blain,non_word,english,F,,
sequance,non_word,english,F,,
exellant,non_word,english,F,,
cuorse,non_word,english,F,,
sauth,non_word,english,F,,
pecords,non_word,english,F,,
musik,non_word,english,F,,
whrong,non_word,english,F,,
fethers,non_word,english,F,,
rater,non_word,english,F,,
takling,non_word,english,F,,
trems,non_word,english,F,,
cemtral,non_word,english,F,,
leve,non_word,english,F,,
starteng,non_word,english,F,,
driwer,non_word,english,F,,
गायक ,word,matra,G,,
अनेक ,word,matra,G,,
बलिदान ,word,matra,G,,
धूमधाम ,word,matra,G,,
ग्राहक ,word,matra,G,,
अवधेश ,word,matra,G,,
निराकरण ,word,matra,G,,
बर्बादी ,word,matra,G,,
प्रेरणा ,word,matra,G,,
चालान ,word,matra,G,,
खोकर ,word,matra,G,,
तहसील ,word,matra,G,,
नजारा ,word,matra,G,,
वापस ,word,matra,G,,
आर्थिक ,word,matra,G,,
प्रहार ,word,matra,G,,
दोबारा ,word,matra,G,,
अपहृत ,word,matra,G,,
मशीन ,word,matra,G,,
पहले ,word,matra,G,,
आवारा ,word,matra,G,,
हिरासत ,word,matra,G,,
ऊंचाई ,word,matra,G,,
महीना ,word,matra,G,,
शरारती ,word,matra,G,,
रणनीति ,word,matra,G,,
मजबूती ,word,matra,G,,
कपूर ,word,matra,G,,
निगम ,word,matra,G,,
विवादित ,word,matra,G,,
किनारे ,word,matra,G,,
छापेमारी ,word,matra,G,,
हंगामा ,word,matra,G,,
कराया ,word,matra,G,,
तीसरा ,word,matra,G,,
सहायता ,word,matra,G,,
गवाही ,word,matra,G,,
साजिश ,word,matra,G,,
अपनी ,word,matra,G,,
अभाव ,word,matra,G,,
तीसर,non_word,matra,G,,
तैया,non_word,matra,G,,
दाइनिक,non_word,matra,G,,
दोस,non_word,matra,G,,
धेज,non_word,matra,G,,
नजरा,non_word,matra,G,,
नशीरा,non_word,matra,G,,
नसीत,non_word,matra,G,,
नायकु,non_word,matra,G,,
नायरी,non_word,matra,G,,
नाराजि,non_word,matra,G,,
निबंठ,non_word,matra,G,,
निशाम,non_word,matra,G,,
नेतल,non_word,matra,G,,
पंर्वती,non_word,matra,G,,
परवा,non_word,matra,G,,
परिजिन,non_word,matra,G,,
पहलै,non_word,matra,G,,
पाथक,non_word,matra,G,,
पुरना,non_word,matra,G,,
पूर्ष,non_word,matra,G,,
प्रतिधिन,non_word,matra,G,,
प्रमुश,non_word,matra,G,,
प्रेरय,non_word,matra,G,,
बकापन,non_word,matra,G,,
बजदूर,non_word,matra,G,,
बर्बाधी,non_word,matra,G,,
बातचित,non_word,matra,G,,
बादगी,non_word,matra,G,,
बारिष,non_word,matra,G,,
बाहीर,non_word,matra,G,,
बिकर,non_word,matra,G,,
भतीक,non_word,matra,G,,
भाँचारा,non_word,matra,G,,
भिकता,non_word,matra,G,,
भेकता,non_word,matra,G,,
मंजल,non_word,matra,G,,
मंजुर,non_word,matra,G,,
मधुपब,non_word,matra,G,,
महागनर,non_word,matra,G,,
community,word,english,G,,
provide,word,english,G,,
voice,word,english,G,,
issue,word,english,G,,
stand,word,english,G,,
become,word,english,G,,
driver,word,english,G,,
skills,word,english,G,,
country,word,english,G,,
average,word,english,G,,
reason,word,english,G,,
popular,word,english,G,,
security,word,english,G,,
weeks,word,english,G,,
whether,word,english,G,,
saying,word,english,G,,
names,word,english,G,,
freedom,word,english,G,,
decided,word,english,G,,
though,word,english,G,,
force,word,english,G,,
perhaps,word,english,G,,
outside,word,english,G,,
mention,word,english,G,,
trying,word,english,G,,
receive,word,english,G,,
federal,word,english,G,,
taken,word,english,G,,
anybody,word,english,G,,
truth,word,english,G,,
generally,word,english,G,,
control,word,english,G,,
offer,word,english,G,,
received,word,english,G,,
server,word,english,G,,
local,word,english,G,,
apartment,word,english,G,,
address,word,english,G,,
therefore,word,english,G,,
image,word,english,G,,
liwing,non_word,english,G,,
nuite,non_word,english,G,,
estory,non_word,english,G,,
titems,non_word,english,G,,
prepident,non_word,english,G,,
nanes,non_word,english,G,,
commuty,non_word,english,G,,
monitar,non_word,english,G,,
aparment,non_word,english,G,,
presedent,non_word,english,G,,
aucton,non_word,english,G,,
rulus,non_word,english,G,,
anasylis,non_word,english,G,,
wotch,non_word,english,G,,
tabel,non_word,english,G,,
kight,non_word,english,G,,
cumpany,non_word,english,G,,
waks,non_word,english,G,,
vestern,non_word,english,G,,
comand,non_word,english,G,,
efect,non_word,english,G,,
caces,non_word,english,G,,
saing,non_word,english,G,,
lowar,non_word,english,G,,
miself,non_word,english,G,,
rhows,non_word,english,G,,
feild,non_word,english,G,,
screan,non_word,english,G,,
addid,non_word,english,G,,
togehter,non_word,english,G,,
poast,non_word,english,G,,
learly,non_word,english,G,,
sund,non_word,english,G,,
respend,non_word,english,G,,
sometines,non_word,english,G,,
parrts,non_word,english,G,,
warld,non_word,english,G,,
statemant,non_word,english,G,,
takis,non_word,english,G,,
allways,non_word,english,G,,
उपलब्घ ,word,half,H,,
बन्धक ,word,half,H,,
असभ्य ,word,half,H,,
अक्ल ,word,half,H,,
आलस्य ,word,half,H,,
मस्तक ,word,half,H,,
दण्ड ,word,half,H,,
भस्म ,word,half,H,,
आत्मबल ,word,half,H,,
खच्चर ,word,half,H,,
वयस्क ,word,half,H,,
अन्तर ,word,half,H,,
कत्थक ,word,half,H,,
स्तन ,word,half,H,,
भक्तगण ,word,half,H,,
असत्य ,word,half,H,,
अन्त ,word,half,H,,
हस्त ,word,half,H,,
लक्कड़ ,word,half,H,,
दस्तखत ,word,half,H,,
नब्ज ,word,half,H,,
मगरमच्छ ,word,half,H,,
हड़कम्प ,word,half,H,,
पस्त ,word,half,H,,
छप्पन ,word,half,H,,
अपशब्द ,word,half,H,,
सरपरस्त ,word,half,H,,
धन्य ,word,half,H,,
भक्तजन ,word,half,H,,
सभ्य ,word,half,H,,
समयबद्ध ,word,half,H,,
वचनबद्ध ,word,half,H,,
नतमस्तक ,word,half,H,,
वल्लभ ,word,half,H,,
अल्प ,word,half,H,,
बन्द ,word,half,H,,
उच्चतम ,word,half,H,,
इज्जत ,word,half,H,,
नस्ल ,word,half,H,,
मस्त ,word,half,H,,
जस्त,non_word,half,H,,
ज्वल,non_word,half,H,,
झख्म,non_word,half,H,,
टक्कन,non_word,half,H,,
ठक्‍त,non_word,half,H,,
ठप्पर,non_word,half,H,,
ढक्कल,non_word,half,H,,
ढक्खन,non_word,half,H,,
तत्य,non_word,half,H,,
तनम्य,non_word,half,H,,
तव्त,non_word,half,H,,
त्कल,non_word,half,H,,
थप्पल,non_word,half,H,,
दण्ट,non_word,half,H,,
दन्ष,non_word,half,H,,
दम्कर,non_word,half,H,,
दस्क,non_word,half,H,,
दस्‍ठ,non_word,half,H,,
दस्तकठ,non_word,half,H,,
दस्तकन,non_word,half,H,,
दस्थक,non_word,half,H,,
ध्वझ,non_word,half,H,,
ध्वश्त,non_word,half,H,,
ध्‍वस्‍ठ,non_word,half,H,,
नतमस्क,non_word,half,H,,
नष्टा,non_word,half,H,,
नष्ठ,non_word,half,H,,
पत्क,non_word,half,H,,
पत्‍ठर,non_word,half,H,,
पथ्तर,non_word,half,H,,
पल्क,non_word,half,H,,
प्ठन,non_word,half,H,,
प्लक,non_word,half,H,,
फ्वल,non_word,half,H,,
बन्दक,non_word,half,H,,
बन्दहक,non_word,half,H,,
ब्वल,non_word,half,H,,
भक्क,non_word,half,H,,
भश्म,non_word,half,H,,
भष्म,non_word,half,H,,
minutes,word,english,H,,
itself,word,english,H,,
wrong,word,english,H,,
statement,word,english,H,,
following,word,english,H,,
attention,word,english,H,,
story,word,english,H,,
light,word,english,H,,
phone,word,english,H,,
later,word,english,H,,
consider,word,english,H,,
countries,word,english,H,,
machine,word,english,H,,
living,word,english,H,,
resume,word,english,H,,
needed,word,english,H,,
private,word,english,H,,
pages,word,english,H,,
needs,word,english,H,,
sense,word,english,H,,
talking,word,english,H,,
screen,word,english,H,,
rules,word,english,H,,
women,word,english,H,,
medical,word,english,H,,
quickly,word,english,H,,
error,word,english,H,,
articles,word,english,H,,
interface,word,english,H,,
music,word,english,H,,
field,word,english,H,,
blood,word,english,H,,
children,word,english,H,,
effect,word,english,H,,
legal,word,english,H,,
drive,word,english,H,,
increase,word,english,H,,
along,word,english,H,,
systems,word,english,H,,
several,word,english,H,,
indsted,non_word,english,H,,
subjekt,non_word,english,H,,
serwer,non_word,english,H,,
potilical,non_word,english,H,,
coutries,non_word,english,H,,
huose,non_word,english,H,,
repronse,non_word,english,H,,
driwe,non_word,english,H,,
fimal,non_word,english,H,,
anonimus,non_word,english,H,,
secutiry,non_word,english,H,,
sisuation,non_word,english,H,,
referance,non_word,english,H,,
notse,non_word,english,H,,
varieus,non_word,english,H,,
apeears,non_word,english,H,,
trate,non_word,english,H,,
thouh,non_word,english,H,,
macine,non_word,english,H,,
maliing,non_word,english,H,,
komment,non_word,english,H,,
hystums,non_word,english,H,,
exsept,non_word,english,H,,
hawing,non_word,english,H,,
messase,non_word,english,H,,
acount,non_word,english,H,,
bluud,non_word,english,H,,
atention,non_word,english,H,,
milone,non_word,english,H,,
opinyons,non_word,english,H,,
folwing,non_word,english,H,,
perfet,non_word,english,H,,
kelling,non_word,english,H,,
evedence,non_word,english,H,,
makis,non_word,english,H,,
cemidal,non_word,english,H,,
vhite,non_word,english,H,,
macine,non_word,english,H,,
becuase,non_word,english,H,,
knoledge,non_word,english,H,,
adhyapak,word,translit,I,,
antar,word,translit,I,,
apni,word,translit,I,,
asabhya,word,translit,I,,
asatya,word,translit,I,,
atal,word,translit,I,,
bahas,word,translit,I,,
balidan,word,translit,I,,
bharosa,word,translit,I,,
dashak,word,translit,I,,
dawaai,word,translit,I,,
dhanya,word,translit,I,,
mahak,word,translit,I,,
mausam,word,translit,I,,
mitra,word,translit,I,,
nahar,word,translit,I,,
nigam,word,translit,I,,
paani,word,translit,I,,
parivaar,word,translit,I,,
prakriti,word,translit,I,,
prayaas,word,translit,I,,
pyaas,word,translit,I,,
rakshak,word,translit,I,,
roti,word,translit,I,,
sabhya,word,translit,I,,
sahaj,word,translit,I,,
samachar,word,translit,I,,
sambhav,word,translit,I,,
sangeet,word,translit,I,,
sanskar,word,translit,I,,
sapna,word,translit,I,,
saral,word,translit,I,,
shaadi,word,translit,I,,
shahar,word,translit,I,,
shanti,word,translit,I,,
talab,word,translit,I,,
vichaar,word,translit,I,,
vikalp,word,translit,I,,
vikas,word,translit,I,,
vyakti,word,translit,I,,
akidhari,non_word,translit,I,,
anuhab,non_word,translit,I,,
banthak,non_word,translit,I,,
dhyam,non_word,translit,I,,
drishdhi,non_word,translit,I,,
duthi,non_word,translit,I,,
gagah,non_word,translit,I,,
gamar,non_word,translit,I,,
gamri,non_word,translit,I,,
goyak,non_word,translit,I,,
hisarat,non_word,translit,I,,
jigyaan,non_word,translit,I,,
jyaan,non_word,translit,I,,
kharbar,non_word,translit,I,,
khashar,non_word,translit,I,,
kustap,non_word,translit,I,,
majtoobi,non_word,translit,I,,
matad,non_word,translit,I,,
migan,non_word,translit,I,,
muhina,non_word,translit,I,,
nasamte,non_word,translit,I,,
padak,non_word,translit,I,,
pratagi,non_word,translit,I,,
ranjeeti,non_word,translit,I,,
saasish,non_word,translit,I,,
sajham,non_word,translit,I,,
sakrar,non_word,translit,I,,
samapya,non_word,translit,I,,
samhat,non_word,translit,I,,
sandandh,non_word,translit,I,,
sandhaavana,non_word,translit,I,,
sanstriti,non_word,translit,I,,
sanudaay,non_word,translit,I,,
shatki,non_word,translit,I,,
suhidha,non_word,translit,I,,
tatneek,non_word,translit,I,,
thankad,non_word,translit,I,,
upyoj,non_word,translit,I,,
vaakas,non_word,translit,I,,
sandandh,non_word,translit,I,,
ashram  ,word,hinglish_plain,J,,
akshay,word,hinglish_plain,J,,
yagya  ,word,hinglish_plain,J,,
pakadkar,word,hinglish_plain,J,,
charas  ,word,hinglish_plain,J,,
maksad  ,word,hinglish_plain,J,,
gagan  ,word,hinglish_plain,J,,
lakshan,word,hinglish_plain,J,,
halchal,word,hinglish_plain,J,,
shahar,word,hinglish_plain,J,,
jhalak  ,word,hinglish_plain,J,,
jagah  ,word,hinglish_plain,J,,
bachpan  ,word,hinglish_plain,J,,
udhar  ,word,hinglish_plain,J,,
sharad  ,word,hinglish_plain,J,,
chamak,word,hinglish_plain,J,,
safal  ,word,hinglish_plain,J,,
aajtak  ,word,hinglish_plain,J,,
chaman  ,word,hinglish_plain,J,,
akshar  ,word,hinglish_plain,J,,
samajh  ,word,hinglish_plain,J,,
sadak  ,word,hinglish_plain,J,,
samay  ,word,hinglish_plain,J,,
chahal  ,word,hinglish_plain,J,,
paksh  ,word,hinglish_plain,J,,
bhanak  ,word,hinglish_plain,J,,
galat  ,word,hinglish_plain,J,,
namak  ,word,hinglish_plain,J,,
lagbhag,word,hinglish_plain,J,,
kadam  ,word,hinglish_plain,J,,
kasrat  ,word,hinglish_plain,J,,
bahan,word,hinglish_plain,J,,
safar  ,word,hinglish_plain,J,,
khabar  ,word,hinglish_plain,J,,
idhar  ,word,hinglish_plain,J,,
palak  ,word,hinglish_plain,J,,
pavan  ,word,hinglish_plain,J,,
bhajan  ,word,hinglish_plain,J,,
saksham  ,word,hinglish_plain,J,,
bhavan  ,word,hinglish_plain,J,,
chalhal,non_word,hinglish_plain,J,,
tamkat,non_word,hinglish_plain,J,,
lathpad,non_word,hinglish_plain,J,,
gharak,non_word,hinglish_plain,J,,
bakapan,non_word,hinglish_plain,J,,
labhka,non_word,hinglish_plain,J,,
upach,non_word,hinglish_plain,J,,
jalak,non_word,hinglish_plain,J,,
tanbhag,non_word,hinglish_plain,J,,
shatab,non_word,hinglish_plain,J,,
paskh,non_word,hinglish_plain,J,,
fasar,non_word,hinglish_plain,J,,
janhak,non_word,hinglish_plain,J,,
rakash,non_word,hinglish_plain,J,,
hafan,non_word,hinglish_plain,J,,
gatat,non_word,hinglish_plain,J,,
rapam,non_word,hinglish_plain,J,,
labhag,non_word,hinglish_plain,J,,
askhar,non_word,hinglish_plain,J,,
saskham,non_word,hinglish_plain,J,,
bapchan,non_word,hinglish_plain,J,,
tanpav,non_word,hinglish_plain,J,,
lajat,non_word,hinglish_plain,J,,
jahjhan,non_word,hinglish_plain,J,,
sanay,non_word,hinglish_plain,J,,
nagat,non_word,hinglish_plain,J,,
ihar,non_word,hinglish_plain,J,,
nashkhat,non_word,hinglish_plain,J,,
maskad,non_word,hinglish_plain,J,,
anam,non_word,hinglish_plain,J,,
karsat,non_word,hinglish_plain,J,,
harkad,non_word,hinglish_plain,J,,
jamtagh,non_word,hinglish_plain,J,,
pakal,non_word,hinglish_plain,J,,
kamad,non_word,hinglish_plain,J,,
dhabhak,non_word,hinglish_plain,J,,
sahak,non_word,hinglish_plain,J,,
askhay,non_word,hinglish_plain,J,,
kapak,non_word,hinglish_plain,J,,
pakadhar,non_word,hinglish_plain,J,,
woman,word,english,J,,
necessary,word,english,J,,
monitor,word,english,J,,
learn,word,english,J,,
takes,word,english,J,,
green,word,english,J,,
records,word,english,J,,
small,word,english,J,,
mailing,word,english,J,,
world,word,english,J,,
natural,word,english,J,,
history,word,english,J,,
resources,word,english,J,,
party,word,english,J,,
whatever,word,english,J,,
straight,word,english,J,,
south,word,english,J,,
issues,word,english,J,,
comment,word,english,J,,
function,word,english,J,,
between,word,english,J,,
president,word,english,J,,
location,word,english,J,,
digital,word,english,J,,
million,word,english,J,,
sound,word,english,J,,
terms,word,english,J,,
message,word,english,J,,
request,word,english,J,,
numbers,word,english,J,,
maybe,word,english,J,,
different,word,english,J,,
anyone,word,english,J,,
military,word,english,J,,
exactly,word,english,J,,
making,word,english,J,,
watch,word,english,J,,
anyway,word,english,J,,
present,word,english,J,,
friend,word,english,J,,
concider,non_word,english,J,,
increace,non_word,english,J,,
tryine,non_word,english,J,,
erth,non_word,english,J,,
woking,non_word,english,J,,
detales,non_word,english,J,,
prodact,non_word,english,J,,
bildinge,non_word,english,J,,
frond,non_word,english,J,,
prodive,non_word,english,J,,
isue,non_word,english,J,,
aalone,non_word,english,J,,
resune,non_word,english,J,,
mebers,non_word,english,J,,
quesians,non_word,english,J,,
physicel,non_word,english,J,,
umbrela,non_word,english,J,,
chane,non_word,english,J,,
alung,non_word,english,J,,
procces,non_word,english,J,,
errur,non_word,english,J,,
ponit,non_word,english,J,,
lighht,non_word,english,J,,
nobetook,non_word,english,J,,
needded,non_word,english,J,,
suport,non_word,english,J,,
theferore,non_word,english,J,,
quiete,non_word,english,J,,
sience,non_word,english,J,,
neels,non_word,english,J,,
fone,non_word,english,J,,
clieient,non_word,english,J,,
privet,non_word,english,J,,
sduty,non_word,english,J,,
popolar,non_word,english,J,,
amyone,non_word,english,J,,
mentune,non_word,english,J,,
seemes,non_word,english,J,,
avobe,non_word,english,J,,
straigt,non_word,english,J,,
ladki,word,hinglish_matra,K,,
jawaan,word,hinglish_matra,K,,
unka,word,hinglish_matra,K,,
raksha,word,hinglish_matra,K,,
vipaksh,word,hinglish_matra,K,,
dono,word,hinglish_matra,K,,
baarish  ,word,hinglish_matra,K,,
jeewan,word,hinglish_matra,K,,
prabhat,word,hinglish_matra,K,,
prakash,word,hinglish_matra,K,,
sharab,word,hinglish_matra,K,,
sardar,word,hinglish_matra,K,,
insaan,word,hinglish_matra,K,,
dahej,word,hinglish_matra,K,,
bukhaar  ,word,hinglish_matra,K,,
khilaaf,word,hinglish_matra,K,,
navodaya,word,hinglish_matra,K,,
aadmi  ,word,hinglish_matra,K,,
sachiv,word,hinglish_matra,K,,
doosra,word,hinglish_matra,K,,
galti,word,hinglish_matra,K,,
puraana,word,hinglish_matra,K,,
chanchal  ,word,hinglish_matra,K,,
dhaara,word,hinglish_matra,K,,
basant  ,word,hinglish_matra,K,,
adhoori  ,word,hinglish_matra,K,,
manzil,word,hinglish_matra,K,,
badmaash  ,word,hinglish_matra,K,,
videshi,word,hinglish_matra,K,,
ladka,word,hinglish_matra,K,,
uphaar,word,hinglish_matra,K,,
bekaar  ,word,hinglish_matra,K,,
mahaul,word,hinglish_matra,K,,
mahila,word,hinglish_matra,K,,
vivaah,word,hinglish_matra,K,,
mithaai,word,hinglish_matra,K,,
lekin,word,hinglish_matra,K,,
mahenga,word,hinglish_matra,K,,
sambandh,word,hinglish_matra,K,,
naari,word,hinglish_matra,K,,
sadbhag,non_word,hinglish_matra,K,,
kulash,non_word,hinglish_matra,K,,
katrakaar,non_word,hinglish_matra,K,,
kamish,non_word,hinglish_matra,K,,
prakeet,non_word,hinglish_matra,K,,
aatakwaad,non_word,hinglish_matra,K,,
lakita,non_word,hinglish_matra,K,,
saadham,non_word,hinglish_matra,K,,
gamrah,non_word,hinglish_matra,K,,
saadish,non_word,hinglish_matra,K,,
tantriksh,non_word,hinglish_matra,K,,
raskha,non_word,hinglish_matra,K,,
nishtri,non_word,hinglish_matra,K,,
bajdoor,non_word,hinglish_matra,K,,
nahenga,non_word,hinglish_matra,K,,
jatmash,non_word,hinglish_matra,K,,
saajash,non_word,hinglish_matra,K,,
bandham,non_word,hinglish_matra,K,,
mamtra,non_word,hinglish_matra,K,,
gaayuk,non_word,hinglish_matra,K,,
katrika,non_word,hinglish_matra,K,,
kamith,non_word,hinglish_matra,K,,
arsham,non_word,hinglish_matra,K,,
hanshik,non_word,hinglish_matra,K,,
hrudai,non_word,hinglish_matra,K,,
ashkar,non_word,hinglish_matra,K,,
praghash,non_word,hinglish_matra,K,,
chintam,non_word,hinglish_matra,K,,
raskhya,non_word,hinglish_matra,K,,
tanrik,non_word,hinglish_matra,K,,
vimeet,non_word,hinglish_matra,K,,
balbhan,non_word,hinglish_matra,K,,
gatli,non_word,hinglish_matra,K,,
pratrikik,non_word,hinglish_matra,K,,
vitichra,non_word,hinglish_matra,K,,
chindan,non_word,hinglish_matra,K,,
jajah,non_word,hinglish_matra,K,,
sanbamdh,non_word,hinglish_matra,K,,
uljham,non_word,hinglish_matra,K,,
asambham,non_word,hinglish_matra,K,,
except,word,english,K,,
student,word,english,K,,
knowledge,word,english,K,,
contains,word,english,K,,
point,word,english,K,,
auction,word,english,K,,
strong,word,english,K,,
course,word,english,K,,
state,word,english,K,,
create,word,english,K,,
command,word,english,K,,
instead,word,english,K,,
opinions,word,english,K,,
always,word,english,K,,
guess,word,english,K,,
obviously,word,english,K,,
items,word,english,K,,
available,word,english,K,,
shipping,word,english,K,,
called,word,english,K,,
certain,word,english,K,,
contract,word,english,K,,
trade,word,english,K,,
second,word,english,K,,
report,word,english,K,,
white,word,english,K,,
under,word,english,K,,
parts,word,english,K,,
using,word,english,K,,
includes,word,english,K,,
central,word,english,K,,
sources,word,english,K,,
features,word,english,K,,
reality,word,english,K,,
added,word,english,K,,
details,word,english,K,,
whole,word,english,K,,
reference,word,english,K,,
change,word,english,K,,
education,word,english,K,,
skillis,non_word,english,K,,
digetal,non_word,english,K,,
wheter,non_word,english,K,,
brimg,non_word,english,K,,
reciese,non_word,english,K,,
litimed,non_word,english,K,,
interfase,non_word,english,K,,
celtainly,non_word,english,K,,
beccome,non_word,english,K,,
lelal,non_word,english,K,,
laterr,non_word,english,K,,
purhaps,non_word,english,K,,
obsiouly,non_word,english,K,,
genurally,non_word,english,K,,
shigging,non_word,english,K,,
troubal,non_word,english,K,,
availble,non_word,english,K,,
blakc,non_word,english,K,,
slong,non_word,english,K,,
geves,non_word,english,K,,
adress,non_word,english,K,,
pagis,non_word,english,K,,
starded,non_word,english,K,,
coming,non_word,english,K,,
tebbar,non_word,english,K,,
recieved,non_word,english,K,,
undersand,non_word,english,K,,
smille,non_word,english,K,,
exampel,non_word,english,K,,
guass,non_word,english,K,,
luks,non_word,english,K,,
nown,non_word,english,K,,
sens,non_word,english,K,,
sorces,non_word,english,K,,
diferent,non_word,english,K,,
wile,non_word,english,K,,
outcide,non_word,english,K,,
parudy,non_word,english,K,,
naturul,non_word,english,K,,
vursion,non_word,english,K,,
mannat,word,hinglish_half,L,,
utsav,word,hinglish_half,L,,
eklavya,word,hinglish_half,L,,
bacchan,word,hinglish_half,L,,
chakkar,word,hinglish_half,L,,
anant,word,hinglish_half,L,,
dhakkan,word,hinglish_half,L,,
thand,word,hinglish_half,L,,
uttam,word,hinglish_half,L,,
chappal,word,hinglish_half,L,,
shakkar,word,hinglish_half,L,,
pasand,word,hinglish_half,L,,
thappad,word,hinglish_half,L,,
ishq,word,hinglish_half,L,,
sajjan,word,hinglish_half,L,,
bhavya,word,hinglish_half,L,,
lakshya,word,hinglish_half,L,,
rahaysa,word,hinglish_half,L,,
chammach,word,hinglish_half,L,,
chandan,word,hinglish_half,L,,
akhand,word,hinglish_half,L,,
kambal,word,hinglish_half,L,,
andar,word,hinglish_half,L,,
khattar,word,hinglish_half,L,,
bhakt,word,hinglish_half,L,,
sambhav,word,hinglish_half,L,,
aatma,word,hinglish_half,L,,
tanmay,word,hinglish_half,L,,
shashtra,word,hinglish_half,L,,
shabd,word,hinglish_half,L,,
jannat,word,hinglish_half,L,,
uttar,word,hinglish_half,L,,
aarambh,word,hinglish_half,L,,
bandhan,word,hinglish_half,L,,
ujjwal,word,hinglish_half,L,,
satya,word,hinglish_half,L,,
asambhav,word,hinglish_half,L,,
madhya,word,hinglish_half,L,,
lashkar,word,hinglish_half,L,,
mandal,word,hinglish_half,L,,
matammat,non_word,hinglish_half,L,,
yavaska,non_word,hinglish_half,L,,
padmaash,non_word,hinglish_half,L,,
daptar,non_word,hinglish_half,L,,
uttur,non_word,hinglish_half,L,,
panka,non_word,hinglish_half,L,,
nashka,non_word,hinglish_half,L,,
dakkad,non_word,hinglish_half,L,,
satvish,non_word,hinglish_half,L,,
alva,non_word,hinglish_half,L,,
tamnay,non_word,hinglish_half,L,,
shadb,non_word,hinglish_half,L,,
karsat,non_word,hinglish_half,L,,
ucchar,non_word,hinglish_half,L,,
gututva,non_word,hinglish_half,L,,
hadhyam,non_word,hinglish_half,L,,
rastrik,non_word,hinglish_half,L,,
shakkala,non_word,hinglish_half,L,,
ujjala,non_word,hinglish_half,L,,
ustav,non_word,hinglish_half,L,,
vashtrik,non_word,hinglish_half,L,,
bauthik,non_word,hinglish_half,L,,
lashkman,non_word,hinglish_half,L,,
ratma,non_word,hinglish_half,L,,
vikapsh,non_word,hinglish_half,L,,
pyahi,non_word,hinglish_half,L,,
lashkya,non_word,hinglish_half,L,,
gamri,non_word,hinglish_half,L,,
bhuktik,non_word,hinglish_half,L,,
prashim,non_word,hinglish_half,L,,
ujjat,non_word,hinglish_half,L,,
khifaal,non_word,hinglish_half,L,,
jyoshit,non_word,hinglish_half,L,,
vrashti,non_word,hinglish_half,L,,
gantak,non_word,hinglish_half,L,,
ummat,non_word,hinglish_half,L,,
haskat,non_word,hinglish_half,L,,
vakta,non_word,hinglish_half,L,,
katsha,non_word,hinglish_half,L,,
ujjhal,non_word,hinglish_half,L,,
manager,word,english,L,,
model,word,english,L,,
looks,word,english,L,,
process,word,english,L,,
known,word,english,L,,
starting,word,english,L,,
break,word,english,L,,
family,word,english,L,,
drivers,word,english,L,,
program,word,english,L,,
great,word,english,L,,
anonymous,word,english,L,,
night,word,english,L,,
subject,word,english,L,,
helps,word,english,L,,
otherwise,word,english,L,,
start,word,english,L,,
coming,word,english,L,,
words,word,english,L,,
brain,word,english,L,,
alone,word,english,L,,
lines,word,english,L,,
final,word,english,L,,
version,word,english,L,,
attempt,word,english,L,,
situation,word,english,L,,
movie,word,english,L,,
advance,word,english,L,,
certainly,word,english,L,,
gives,word,english,L,,
product,word,english,L,,
willing,word,english,L,,
science,word,english,L,,
technical,word,english,L,,
found,word,english,L,,
because,word,english,L,,
selling,word,english,L,,
center,word,english,L,,
ideas,word,english,L,,
limited,word,english,L,,
atricraft,non_word,english,L,,
beelow,non_word,english,L,,
ceenter,non_word,english,L,,
drivors,non_word,english,L,,
colus,non_word,english,L,,
functune,non_word,english,L,,
trutth,non_word,english,L,,
contanes,non_word,english,L,,
shuld,non_word,english,L,,
neans,non_word,english,L,,
femily,non_word,english,L,,
deficult,non_word,english,L,,
naybe,non_word,english,L,,
wonan,non_word,english,L,,
vhatevar,non_word,english,L,,
grait,non_word,english,L,,
spik,non_word,english,L,,
hellps,non_word,english,L,,
ucing,non_word,english,L,,
likelie,non_word,english,L,,
canot,non_word,english,L,,
stert,non_word,english,L,,
tecnical,non_word,english,L,,
dowbt,non_word,english,L,,
prezent,non_word,english,L,,
wiling,non_word,english,L,,
advanze,non_word,english,L,,
diferent,non_word,english,L,,
issures,non_word,english,L,,
moddel,non_word,english,L,,
mitilar,non_word,english,L,,
avrage,non_word,english,L,,
decieded,non_word,english,L,,
neseccary,non_word,english,L,,
vvhite,non_word,english,L,,
matterial,non_word,english,L,,
localion,non_word,english,L,,
wemen,non_word,english,L,,
sertain,non_word,english,L,,
yong,non_word,english,L,,
,,,,,
,,,,,
,,,,,
,,,,,
,,,,,
,,,,,
,,,,,
,,,,,
,,,,,
,,,,,
